<Anims>
 <anim name="idle" root="energyball" numframes="1000" framerate="40">
  <frame idx="0" w="113" h="323" x="17.017992" y="-103.214157">
   <element name="symbol0" layername="timeline_0" frame="0" z_index="1" m_a="1.000000" m_b="0.000000" m_c="0.000000" m_d="1.000000" m_tx="-20.482008" m_ty="-159.214157"/>
  </frame>
  <frame idx="25" w="113" h="323" x="17.094223" y="-103.188751">
   <element name="symbol0" layername="timeline_0" frame="0" z_index="1" m_a="1.000000" m_b="0.000000" m_c="0.000000" m_d="1.000000" m_tx="-20.405777" m_ty="-159.188751"/>
  </frame>
  <frame idx="50" w="113" h="323" x="17.170456" y="-103.163330">
   <element name="symbol0" layername="timeline_0" frame="0" z_index="1" m_a="1.000000" m_b="0.000000" m_c="0.000000" m_d="1.000000" m_tx="-20.329544" m_ty="-159.163330"/>
  </frame>
  <frame idx="75" w="113" h="323" x="17.246687" y="-103.137924">
   <element name="symbol0" layername="timeline_0" frame="0" z_index="1" m_a="1.000000" m_b="0.000000" m_c="0.000000" m_d="1.000000" m_tx="-20.253313" m_ty="-159.137924"/>
  </frame>
  <frame idx="100" w="113" h="323" x="17.322920" y="-103.112518">
   <element name="symbol0" layername="timeline_0" frame="0" z_index="1" m_a="1.000000" m_b="0.000000" m_c="0.000000" m_d="1.000000" m_tx="-20.177080" m_ty="-159.112518"/>
  </frame>
  <frame idx="125" w="113" h="323" x="17.399151" y="-103.087112">
   <element name="symbol0" layername="timeline_0" frame="0" z_index="1" m_a="1.000000" m_b="0.000000" m_c="0.000000" m_d="1.000000" m_tx="-20.100849" m_ty="-159.087112"/>
  </frame>
  <frame idx="150" w="113" h="324" x="17.475384" y="-103.061691">
   <element name="symbol0" layername="timeline_0" frame="0" z_index="1" m_a="1.000000" m_b="0.000000" m_c="0.000000" m_d="1.000000" m_tx="-20.024616" m_ty="-159.061691"/>
  </frame>
  <frame idx="175" w="113" h="324" x="17.551615" y="-103.036285">
   <element name="symbol0" layername="timeline_0" frame="0" z_index="1" m_a="1.000000" m_b="0.000000" m_c="0.000000" m_d="1.000000" m_tx="-19.948385" m_ty="-159.036285"/>
  </frame>
  <frame idx="200" w="113" h="324" x="17.627848" y="-103.010880">
   <element name="symbol0" layername="timeline_0" frame="0" z_index="1" m_a="1.000000" m_b="0.000000" m_c="0.000000" m_d="1.000000" m_tx="-19.872152" m_ty="-159.010880"/>
  </frame>
  <frame idx="225" w="113" h="324" x="17.704079" y="-102.985458">
   <element name="symbol0" layername="timeline_0" frame="0" z_index="1" m_a="1.000000" m_b="0.000000" m_c="0.000000" m_d="1.000000" m_tx="-19.795921" m_ty="-158.985458"/>
  </frame>
  <frame idx="250" w="113" h="324" x="17.780312" y="-102.960052">
   <element name="symbol0" layername="timeline_0" frame="0" z_index="1" m_a="1.000000" m_b="0.000000" m_c="0.000000" m_d="1.000000" m_tx="-19.719688" m_ty="-158.960052"/>
  </frame>
  <frame idx="275" w="113" h="324" x="17.856543" y="-102.934647">
   <element name="symbol0" layername="timeline_0" frame="0" z_index="1" m_a="1.000000" m_b="0.000000" m_c="0.000000" m_d="1.000000" m_tx="-19.643457" m_ty="-158.934647"/>
  </frame>
  <frame idx="300" w="113" h="324" x="17.932775" y="-102.909225">
   <element name="symbol0" layername="timeline_0" frame="0" z_index="1" m_a="1.000000" m_b="0.000000" m_c="0.000000" m_d="1.000000" m_tx="-19.567225" m_ty="-158.909225"/>
  </frame>
  <frame idx="325" w="113" h="324" x="18.009007" y="-102.883820">
   <element name="symbol0" layername="timeline_0" frame="0" z_index="1" m_a="1.000000" m_b="0.000000" m_c="0.000000" m_d="1.000000" m_tx="-19.490993" m_ty="-158.883820"/>
  </frame>
  <frame idx="350" w="113" h="324" x="18.085239" y="-102.858414">
   <element name="symbol0" layername="timeline_0" frame="0" z_index="1" m_a="1.000000" m_b="0.000000" m_c="0.000000" m_d="1.000000" m_tx="-19.414761" m_ty="-158.858414"/>
  </frame>
  <frame idx="375" w="113" h="324" x="18.161470" y="-102.833008">
   <element name="symbol0" layername="timeline_0" frame="0" z_index="1" m_a="1.000000" m_b="0.000000" m_c="0.000000" m_d="1.000000" m_tx="-19.338530" m_ty="-158.833008"/>
  </frame>
  <frame idx="400" w="113" h="324" x="18.237703" y="-102.807587">
   <element name="symbol0" layername="timeline_0" frame="0" z_index="1" m_a="1.000000" m_b="0.000000" m_c="0.000000" m_d="1.000000" m_tx="-19.262297" m_ty="-158.807587"/>
  </frame>
  <frame idx="425" w="113" h="324" x="18.313934" y="-102.782181">
   <element name="symbol0" layername="timeline_0" frame="0" z_index="1" m_a="1.000000" m_b="0.000000" m_c="0.000000" m_d="1.000000" m_tx="-19.186066" m_ty="-158.782181"/>
  </frame>
  <frame idx="450" w="113" h="324" x="18.390167" y="-102.756775">
   <element name="symbol0" layername="timeline_0" frame="0" z_index="1" m_a="1.000000" m_b="0.000000" m_c="0.000000" m_d="1.000000" m_tx="-19.109833" m_ty="-158.756775"/>
  </frame>
  <frame idx="475" w="113" h="324" x="18.466398" y="-102.731354">
   <element name="symbol0" layername="timeline_0" frame="0" z_index="1" m_a="1.000000" m_b="0.000000" m_c="0.000000" m_d="1.000000" m_tx="-19.033602" m_ty="-158.731354"/>
  </frame>
  <frame idx="500" w="113" h="324" x="18.542631" y="-102.705948">
   <element name="symbol0" layername="timeline_0" frame="0" z_index="1" m_a="1.000000" m_b="0.000000" m_c="0.000000" m_d="1.000000" m_tx="-18.957369" m_ty="-158.705948"/>
  </frame>
  <frame idx="525" w="113" h="324" x="18.618862" y="-102.680542">
   <element name="symbol0" layername="timeline_0" frame="0" z_index="1" m_a="1.000000" m_b="0.000000" m_c="0.000000" m_d="1.000000" m_tx="-18.881138" m_ty="-158.680542"/>
  </frame>
  <frame idx="550" w="113" h="324" x="18.695095" y="-102.655121">
   <element name="symbol0" layername="timeline_0" frame="0" z_index="1" m_a="1.000000" m_b="0.000000" m_c="0.000000" m_d="1.000000" m_tx="-18.804905" m_ty="-158.655121"/>
  </frame>
  <frame idx="575" w="113" h="324" x="18.771326" y="-102.629715">
   <element name="symbol0" layername="timeline_0" frame="0" z_index="1" m_a="1.000000" m_b="0.000000" m_c="0.000000" m_d="1.000000" m_tx="-18.728674" m_ty="-158.629715"/>
  </frame>
  <frame idx="600" w="113" h="324" x="18.847557" y="-102.604309">
   <element name="symbol0" layername="timeline_0" frame="0" z_index="1" m_a="1.000000" m_b="0.000000" m_c="0.000000" m_d="1.000000" m_tx="-18.652443" m_ty="-158.604309"/>
  </frame>
  <frame idx="625" w="113" h="326" x="18.923790" y="-103.078903">
   <element name="symbol0" layername="timeline_0" frame="0" z_index="1" m_a="1.000000" m_b="0.000000" m_c="0.000000" m_d="1.000000" m_tx="-18.576210" m_ty="-158.578903"/>
  </frame>
  <frame idx="650" w="113" h="326" x="19.000021" y="-103.053482">
   <element name="symbol0" layername="timeline_0" frame="0" z_index="1" m_a="1.000000" m_b="0.000000" m_c="0.000000" m_d="1.000000" m_tx="-18.499979" m_ty="-158.553482"/>
  </frame>
  <frame idx="675" w="113" h="326" x="19.076254" y="-103.028076">
   <element name="symbol0" layername="timeline_0" frame="0" z_index="1" m_a="1.000000" m_b="0.000000" m_c="0.000000" m_d="1.000000" m_tx="-18.423746" m_ty="-158.528076"/>
  </frame>
  <frame idx="700" w="113" h="326" x="19.035206" y="-103.041763">
   <element name="symbol0" layername="timeline_0" frame="0" z_index="1" m_a="1.000000" m_b="0.000000" m_c="0.000000" m_d="1.000000" m_tx="-18.464794" m_ty="-158.541763"/>
  </frame>
  <frame idx="725" w="113" h="324" x="18.867105" y="-102.597794">
   <element name="symbol0" layername="timeline_0" frame="0" z_index="1" m_a="1.000000" m_b="0.000000" m_c="0.000000" m_d="1.000000" m_tx="-18.632895" m_ty="-158.597794"/>
  </frame>
  <frame idx="750" w="113" h="324" x="18.699003" y="-102.653824">
   <element name="symbol0" layername="timeline_0" frame="0" z_index="1" m_a="1.000000" m_b="0.000000" m_c="0.000000" m_d="1.000000" m_tx="-18.800997" m_ty="-158.653824"/>
  </frame>
  <frame idx="775" w="113" h="324" x="18.530903" y="-102.709854">
   <element name="symbol0" layername="timeline_0" frame="0" z_index="1" m_a="1.000000" m_b="0.000000" m_c="0.000000" m_d="1.000000" m_tx="-18.969097" m_ty="-158.709854"/>
  </frame>
  <frame idx="800" w="113" h="324" x="18.362801" y="-102.765884">
   <element name="symbol0" layername="timeline_0" frame="0" z_index="1" m_a="1.000000" m_b="0.000000" m_c="0.000000" m_d="1.000000" m_tx="-19.137199" m_ty="-158.765884"/>
  </frame>
  <frame idx="825" w="113" h="324" x="18.194700" y="-102.821930">
   <element name="symbol0" layername="timeline_0" frame="0" z_index="1" m_a="1.000000" m_b="0.000000" m_c="0.000000" m_d="1.000000" m_tx="-19.305300" m_ty="-158.821930"/>
  </frame>
  <frame idx="850" w="113" h="324" x="18.026598" y="-102.877960">
   <element name="symbol0" layername="timeline_0" frame="0" z_index="1" m_a="1.000000" m_b="0.000000" m_c="0.000000" m_d="1.000000" m_tx="-19.473402" m_ty="-158.877960"/>
  </frame>
  <frame idx="875" w="113" h="324" x="17.858498" y="-102.933990">
   <element name="symbol0" layername="timeline_0" frame="0" z_index="1" m_a="1.000000" m_b="0.000000" m_c="0.000000" m_d="1.000000" m_tx="-19.641502" m_ty="-158.933990"/>
  </frame>
  <frame idx="900" w="113" h="324" x="17.690397" y="-102.990021">
   <element name="symbol0" layername="timeline_0" frame="0" z_index="1" m_a="1.000000" m_b="0.000000" m_c="0.000000" m_d="1.000000" m_tx="-19.809603" m_ty="-158.990021"/>
  </frame>
  <frame idx="925" w="113" h="324" x="17.522295" y="-103.046051">
   <element name="symbol0" layername="timeline_0" frame="0" z_index="1" m_a="1.000000" m_b="0.000000" m_c="0.000000" m_d="1.000000" m_tx="-19.977705" m_ty="-159.046051"/>
  </frame>
  <frame idx="950" w="113" h="323" x="17.354195" y="-103.102097">
   <element name="symbol0" layername="timeline_0" frame="0" z_index="1" m_a="1.000000" m_b="0.000000" m_c="0.000000" m_d="1.000000" m_tx="-20.145805" m_ty="-159.102097"/>
  </frame>
  <frame idx="975" w="113" h="323" x="17.186092" y="-103.158127">
   <element name="symbol0" layername="timeline_0" frame="0" z_index="1" m_a="1.000000" m_b="0.000000" m_c="0.000000" m_d="1.000000" m_tx="-20.313908" m_ty="-159.158127"/>
  </frame>
 </anim>
</Anims>
